first name,last name,email
Rabi,McGunley,rmcgunley0@tripod.com
Ashlan,Patridge,apatridge1@mayoclinic.com
Lorettalorna,Kynforth,lkynforth2@tiny.cc
Chet,Layton,clayton3@pcworld.com
Goldina,Sagrott,gsagrott4@ocn.ne.jp
Shaine,Uvedale,suvedale5@blinklist.com
Udell,Lavies,ulavies6@google.es
April,De Carolis,adecarolis7@scientificamerican.com
Fredia,Dennett,fdennett8@hc360.com
Isabel,Aspinwall,iaspinwall9@addthis.com
